,ts,label
0,0.0,0.0
1,72.57142857,0.0
2,372.5,0.0
3,442.0,0.0
4,750.75,0.0
5,1597.857143,0.0
6,1704.0,0.0
7,1982.428571,0.0
8,2181.25,0.0
9,4082.714286,0.0
10,7463.857143,0.0
11,7970.625,0.0
12,6475.285714,0.0
13,6566.5,0.0
14,8645.571429,0.0
15,8753.625,0.0
16,9331.714286,0.0
17,8812.875,0.0
18,6628.714286,0.0
19,6229.25,0.0
20,8723.857143,0.0
21,8222.125,0.0
22,6356.142857,0.0
23,5895.0,0.0
24,5631.857143,0.0
25,7570.375,0.0
26,8816.0,0.0
27,8255.714286,0.0
28,9902.0,0.0
29,11663.57143,0.0
30,11322.0,0.0
31,8950.571429,0.0
32,12222.375,0.0
33,6191.0,0.0
34,6724.625,0.0
35,7543.0,0.0
36,8685.625,0.0
37,5782.857143,0.0
38,4993.875,0.0
39,5543.428571,0.0
40,6307.25,0.0
41,6411.714286,0.0
42,4681.625,0.0
43,4240.714286,0.0
44,2870.428571,0.0
45,2624.875,0.0
46,1436.142857,0.0
47,876.5,0.0
48,562.1428571,0.0
49,342.875,0.0
50,281.1428571,0.0
51,62.875,0.0
52,0.0,0.0
53,0.0,0.0
54,0.0,0.0
55,0.0,0.0
56,0.0,0.0
57,0.0,0.0
58,0.0,0.0
59,0.0,0.0
60,0.0,0.0
61,0.0,0.0
62,0.0,0.0
63,0.0,0.0
64,0.0,0.0
65,0.0,0.0
66,0.0,0.0
67,0.0,0.0
68,0.0,0.0
69,0.0,0.0
70,0.0,0.0
71,0.0,0.0
72,0.0,0.0
73,0.0,0.0
74,0.0,0.0
75,0.0,0.0
76,0.0,0.0
77,0.0,0.0
78,0.0,0.0
79,0.0,0.0
80,0.0,0.0
81,0.0,0.0
82,0.0,0.0
83,0.0,0.0
84,0.0,0.0
85,0.0,0.0
86,0.0,0.0
87,0.0,0.0
88,0.0,0.0
89,0.0,0.0
90,0.0,0.0
91,0.0,0.0
92,0.0,0.0
93,0.0,0.0
94,0.0,0.0
95,0.0,0.0
96,0.0,0.0
97,51.42857143,0.0
98,308.625,0.0
99,562.4285714,0.0
100,842.875,0.0
101,1328.571429,0.0
102,2041.25,0.0
103,2585.142857,0.0
104,3052.5,0.0
105,3900.142857,0.0
106,4188.75,0.0
107,4196.285714,0.0
108,4738.5,0.0
109,5764.428571,0.0
110,5872.375,0.0
111,5399.142857,0.0
112,5495.5,0.0
113,5444.142857,0.0
114,5521.714286,0.0
115,7815.125,0.0
116,9767.0,0.0
117,8633.0,0.0
118,8871.285714,0.0
119,9775.625,0.0
120,12762.42857,0.0
121,8870.0,0.0
122,9412.428571,0.0
123,10598.875,0.0
124,12427.85714,0.0
125,9931.25,0.0
126,9479.571429,0.0
127,9588.0,0.0
128,7762.0,0.0
129,8917.75,0.0
130,9141.142857,0.0
131,9069.625,0.0
132,11274.14286,0.0
133,10695.125,0.0
134,5096.571429,0.0
135,4490.625,0.0
136,5268.857143,0.0
137,3522.875,0.0
138,2331.285714,0.0
139,3940.5,0.0
140,4916.857143,0.0
141,2611.875,0.0
142,1913.714286,0.0
143,1038.25,0.0
144,592.8571429,0.0
145,342.2857143,0.0
146,92.125,0.0
147,0.0,0.0
148,0.0,0.0
149,0.0,0.0
150,0.0,0.0
151,0.0,0.0
152,0.0,0.0
153,0.0,0.0
154,0.0,0.0
155,0.0,0.0
156,0.0,0.0
157,0.0,0.0
158,0.0,0.0
159,0.0,0.0
160,0.0,0.0
161,0.0,0.0
162,0.0,0.0
163,0.0,0.0
164,0.0,0.0
165,0.0,0.0
166,0.0,0.0
167,0.0,0.0
168,0.0,0.0
169,0.0,0.0
170,0.0,0.0
171,0.0,0.0
172,0.0,0.0
173,0.0,0.0
174,0.0,0.0
175,0.0,0.0
176,0.0,0.0
177,0.0,0.0
178,0.0,0.0
179,0.0,0.0
180,0.0,0.0
181,0.0,0.0
182,0.0,0.0
183,0.0,0.0
184,0.0,0.0
185,0.0,0.0
186,0.0,0.0
187,0.0,0.0
188,0.0,0.0
189,0.0,0.0
190,0.0,0.0
191,0.0,0.0
192,68.375,0.0
193,355.7142857,0.0
194,688.875,0.0
195,1124.428571,0.0
196,1744.125,0.0
197,2343.0,0.0
198,2374.25,0.0
199,3189.142857,0.0
200,4815.714286,0.0
201,4791.0,0.0
202,5721.142857,0.0
203,4704.25,0.0
204,6561.428571,0.0
205,5696.375,0.0
206,5154.142857,0.0
207,6026.0,0.0
208,9640.571429,0.0
209,6683.375,0.0
210,9942.857143,0.0
211,11161.0,0.0
212,9421.142857,0.0
213,10105.375,0.0
214,8265.428571,0.0
215,10090.25,0.0
216,10026.14286,0.0
217,11696.57143,0.0
218,7097.25,0.0
219,7500.714286,0.0
220,11964.75,0.0
221,12436.42857,0.0
222,7486.625,0.0
223,10577.85714,0.0
224,7622.875,0.0
225,5919.571429,0.0
226,6579.375,0.0
227,9663.571429,0.0
228,10639.75,0.0
229,7689.0,0.0
230,7840.625,0.0
231,7087.0,0.0
232,7104.25,0.0
233,6174.714286,0.0
234,5463.714286,0.0
235,3640.625,0.0
236,3776.285714,0.0
237,3552.75,0.0
238,2786.428571,0.0
239,1748.0,0.0
240,788.8571429,0.0
241,269.375,0.0
242,31.14285714,0.0
243,0.0,0.0
244,0.0,0.0
245,0.0,0.0
246,0.0,0.0
247,0.0,0.0
248,0.0,0.0
249,0.0,0.0
250,0.0,0.0
251,0.0,0.0
252,0.0,0.0
253,0.0,0.0
254,0.0,0.0
255,0.0,0.0
256,0.0,0.0
257,0.0,0.0
258,0.0,0.0
259,0.0,0.0
260,0.0,0.0
261,0.0,0.0
262,0.0,0.0
263,0.0,0.0
264,0.0,0.0
265,0.0,0.0
266,0.0,0.0
267,0.0,0.0
268,0.0,0.0
269,0.0,0.0
270,0.0,0.0
271,0.0,0.0
272,0.0,0.0
273,0.0,0.0
274,0.0,0.0
275,0.0,0.0
276,0.0,0.0
277,0.0,0.0
278,0.0,0.0
279,0.0,0.0
280,0.0,0.0
281,0.0,0.0
282,0.0,0.0
283,0.0,0.0
284,0.0,0.0
285,0.0,0.0
286,0.0,0.0
287,0.0,0.0
288,84.25,0.0
289,285.0,0.0
290,534.5,0.0
291,1254.714286,0.0
292,1316.75,0.0
293,1747.0,0.0
294,1943.25,0.0
295,2255.428571,0.0
296,2675.25,0.0
297,5612.571429,0.0
298,6095.125,0.0
299,6691.0,0.0
300,6858.0,0.0
301,8346.0,0.0
302,8836.571429,0.0
303,5506.0,0.0
304,9700.428571,0.0
305,6191.5,0.0
306,9798.428571,0.0
307,10376.625,0.0
308,9728.285714,0.0
309,7666.125,0.0
310,12137.85714,0.0
311,9891.75,0.0
312,3973.714286,0.0
313,3824.0,0.0
314,3418.714286,0.0
315,5049.75,0.0
316,7839.0,0.0
317,7472.75,0.0
318,9190.142857,0.0
319,12233.57143,0.0
320,12201.0,0.0
321,5446.857143,0.0
322,10338.25,0.0
323,9861.428571,0.0
324,8599.625,0.0
325,5446.285714,0.0
326,3814.125,0.0
327,8329.285714,0.0
328,6814.125,0.0
329,5971.714286,0.0
330,5431.625,0.0
331,4288.714286,0.0
332,3728.875,0.0
333,3347.142857,0.0
334,3319.25,0.0
335,2001.571429,0.0
336,1070.857143,0.0
337,500.5,0.0
338,84.28571429,0.0
339,0.0,0.0
340,0.0,0.0
341,0.0,0.0
342,0.0,0.0
343,0.0,0.0
344,0.0,0.0
345,0.0,0.0
346,0.0,0.0
347,0.0,0.0
348,0.0,0.0
349,0.0,0.0
350,0.0,0.0
351,0.0,0.0
352,0.0,0.0
353,0.0,0.0
354,0.0,0.0
355,0.0,0.0
356,0.0,0.0
357,0.0,0.0
358,0.0,0.0
359,0.0,0.0
360,0.0,0.0
361,0.0,0.0
362,0.0,0.0
363,0.0,0.0
364,0.0,0.0
365,0.0,0.0
366,0.0,0.0
367,0.0,0.0
368,0.0,0.0
369,0.0,0.0
370,0.0,0.0
371,0.0,0.0
372,0.0,0.0
373,0.0,0.0
374,0.0,0.0
375,0.0,0.0
376,0.0,0.0
377,0.0,0.0
378,0.0,0.0
379,0.0,0.0
380,0.0,0.0
381,0.0,0.0
382,0.0,0.0
383,0.0,0.0
384,134.2857143,0.0
385,394.75,0.0
386,704.7142857,0.0
387,1399.5,0.0
388,2468.0,0.0
389,3017.571429,0.0
390,3549.125,0.0
391,4210.285714,0.0
392,4831.625,0.0
393,5155.0,0.0
394,6346.875,0.0
395,5377.428571,0.0
396,3549.375,0.0
397,4928.0,0.0
398,8673.375,0.0
399,5102.857143,0.0
400,9589.125,0.0
401,8249.428571,0.0
402,8498.625,0.0
403,8641.857143,0.0
404,7922.0,0.0
405,11777.0,0.0
406,8105.857143,0.0
407,4722.0,0.0
408,6995.857143,0.0
409,8769.25,0.0
410,8588.142857,0.0
411,7695.125,0.0
412,12267.85714,0.0
413,4767.25,0.0
414,7227.142857,0.0
415,9186.0,0.0
416,8062.428571,0.0
417,10003.625,0.0
418,4004.285714,0.0
419,2243.125,0.0
420,3741.142857,0.0
421,4548.625,0.0
422,3930.857143,0.0
423,2983.125,0.0
424,2428.285714,0.0
425,1417.125,0.0
426,1253.857143,0.0
427,1190.714286,0.0
428,849.125,0.0
429,593.1428571,0.0
430,415.0,0.0
431,302.4285714,0.0
432,211.875,0.0
433,88.28571429,0.0
434,0.0,0.0
435,0.0,0.0
436,0.0,0.0
437,0.0,0.0
438,0.0,0.0
439,0.0,0.0
440,0.0,0.0
441,0.0,0.0
442,0.0,0.0
443,0.0,0.0
444,0.0,0.0
445,0.0,0.0
446,0.0,1.0
447,0.0,1.0
448,0.0,1.0
449,0.0,1.0
450,0.0,1.0
451,0.0,1.0
452,0.0,1.0
453,0.0,1.0
454,0.0,1.0
455,0.0,1.0
456,0.0,1.0
457,0.0,1.0
458,0.0,1.0
459,0.0,1.0
460,0.0,1.0
461,0.0,1.0
462,0.0,1.0
463,0.0,1.0
464,0.0,1.0
465,0.0,1.0
466,0.0,1.0
467,0.0,1.0
468,0.0,1.0
469,0.0,1.0
470,0.0,1.0
471,0.0,1.0
472,0.0,1.0
473,0.0,1.0
474,0.0,1.0
475,0.0,1.0
476,0.0,1.0
477,0.0,1.0
478,0.0,1.0
479,0.0,1.0
480,55.57142857,1.0
481,367.375,1.0
482,728.0,1.0
483,1348.125,1.0
484,1640.428571,1.0
485,1703.75,1.0
486,1898.428571,1.0
487,2289.875,1.0
488,3113.0,1.0
489,3263.875,1.0
490,3367.571429,1.0
491,4734.75,1.0
492,8777.571429,1.0
493,7714.125,1.0
494,6430.857143,1.0
495,5796.5,1.0
496,6148.571429,1.0
497,7307.25,1.0
498,8963.285714,1.0
499,12397.85714,1.0
500,10568.875,1.0
501,12502.57143,1.0
502,10505.0,1.0
503,10221.28571,1.0
504,12198.375,1.0
505,0.0,1.0
506,0.0,1.0
507,0.0,1.0
508,0.0,1.0
509,0.0,1.0
510,0.0,1.0
511,1287.428571,1.0
512,5841.875,1.0
513,0.0,1.0
514,0.0,1.0
515,956.4285714,1.0
516,8014.285714,1.0
517,6350.375,1.0
518,7528.142857,1.0
519,5744.375,1.0
520,6875.714286,1.0
521,5208.625,1.0
522,2879.571429,1.0
523,4662.25,1.0
524,3000.285714,1.0
525,3012.125,1.0
526,1950.857143,1.0
527,1060.125,1.0
528,586.7142857,1.0
529,264.0,1.0
530,46.14285714,1.0
531,0.0,1.0
532,0.0,1.0
533,0.0,1.0
534,0.0,1.0
535,0.0,1.0
536,0.0,1.0
537,0.0,1.0
538,0.0,1.0
539,0.0,1.0
540,0.0,1.0
541,0.0,1.0
542,0.0,1.0
543,0.0,1.0
544,0.0,1.0
545,0.0,1.0
546,0.0,1.0
547,0.0,1.0
548,0.0,1.0
549,0.0,1.0
550,0.0,1.0
551,0.0,1.0
552,0.0,1.0
553,0.0,1.0
554,0.0,1.0
555,0.0,1.0
556,0.0,1.0
557,0.0,1.0
558,0.0,1.0
559,0.0,1.0
560,0.0,1.0
561,0.0,1.0
562,0.0,1.0
563,0.0,1.0
564,0.0,0.0
565,0.0,0.0
566,0.0,0.0
567,0.0,0.0
568,0.0,0.0
569,0.0,0.0
570,0.0,0.0
571,0.0,0.0
572,0.0,0.0
573,0.0,0.0
574,0.0,0.0
575,0.0,0.0
576,102.0,0.0
577,423.8571429,0.0
578,767.7142857,0.0
579,1013.5,0.0
580,1396.142857,0.0
581,1818.625,0.0
582,2348.0,0.0
583,3597.625,0.0
584,3828.857143,0.0
585,3143.5,0.0
586,4954.857143,0.0
587,6707.125,0.0
588,6290.0,0.0
589,8689.125,0.0
590,9904.166667,0.0
591,10107.125,0.0
592,11117.42857,0.0
593,10339.75,0.0
594,9695.428571,0.0
595,11424.875,0.0
596,10833.14286,0.0
597,8882.714286,0.0
598,9735.375,0.0
599,9343.857143,0.0
600,9519.5,0.0
601,8035.428571,0.0
602,10853.75,0.0
603,7442.285714,0.0
604,8820.375,0.0
605,6663.571429,0.0
606,5953.375,0.0
607,10401.14286,0.0
608,9406.0,0.0
609,8583.857143,0.0
610,10275.375,0.0
611,8747.571429,0.0
612,8625.25,0.0
613,8390.285714,0.0
614,7676.0,0.0
615,6528.0,0.0
616,4492.571429,0.0
617,3495.875,0.0
618,4440.285714,0.0
619,4749.5,0.0
620,3062.0,0.0
621,2385.0,0.0
622,1795.285714,0.0
623,1209.375,0.0
624,746.2857143,0.0
625,405.625,0.0
626,101.5714286,0.0
627,0.0,0.0
628,0.0,0.0
629,0.0,0.0
630,0.0,0.0
631,0.0,0.0
632,0.0,0.0
633,0.0,0.0
634,0.0,0.0
635,0.0,0.0
636,0.0,0.0
637,0.0,0.0
638,0.0,0.0
639,0.0,0.0
640,0.0,0.0
641,0.0,0.0
642,0.0,0.0
643,0.0,0.0
644,0.0,0.0
645,0.0,0.0
646,0.0,0.0
647,0.0,0.0
648,0.0,0.0
649,0.0,0.0
650,0.0,0.0
651,0.0,0.0
652,0.0,0.0
653,0.0,0.0
654,0.0,0.0
655,0.0,0.0
656,0.0,0.0
657,0.0,0.0
658,0.0,0.0
659,0.0,0.0
660,0.0,0.0
661,0.0,0.0
662,0.0,0.0
663,0.0,0.0
664,0.0,0.0
665,0.0,0.0
666,0.0,0.0
667,0.0,0.0
668,0.0,0.0
669,0.0,0.0
670,0.0,0.0
671,0.0,0.0
672,145.0,0.0
673,446.1428571,0.0
674,779.875,0.0
675,1331.285714,0.0
676,2077.125,0.0
677,2507.857143,0.0
678,2345.875,0.0
679,2368.857143,0.0
680,5024.0,0.0
681,5829.285714,0.0
682,6582.75,0.0
683,6366.857143,0.0
684,8055.714286,0.0
685,6747.625,0.0
686,6489.428571,0.0
687,9067.375,0.0
688,6057.0,0.0
689,7270.625,0.0
690,11336.57143,0.0
691,10277.25,0.0
692,9918.0,0.0
693,12104.625,0.0
694,8588.142857,0.0
695,11529.25,0.0
696,8704.857143,0.0
697,7815.875,0.0
698,9896.428571,0.0
699,9074.5,0.0
700,9542.857143,0.0
701,9777.0,0.0
702,9158.0,0.0
703,6558.571429,0.0
704,5778.375,0.0
705,5467.857143,0.0
706,7230.25,0.0
707,6909.571429,0.0
708,7699.375,0.0
709,7565.571429,0.0
710,7756.875,0.0
711,6962.571429,0.0
712,5786.625,0.0
713,5134.857143,0.0
714,4719.375,0.0
715,3873.285714,0.0
716,2969.625,0.0
717,2476.857143,0.0
718,1920.25,0.0
719,1311.428571,0.0
720,773.25,0.0
721,379.1428571,0.0
722,82.42857143,0.0
723,0.0,0.0
724,0.0,0.0
725,0.0,0.0
726,0.0,0.0
727,0.0,0.0
728,0.0,0.0
729,0.0,0.0
730,0.0,0.0
731,0.0,0.0
732,0.0,0.0
733,0.0,0.0
734,0.0,0.0
735,0.0,0.0
736,0.0,0.0
737,0.0,0.0
738,0.0,0.0
739,0.0,0.0
740,0.0,0.0
741,0.0,0.0
742,0.0,0.0
743,0.0,0.0
744,0.0,0.0
745,0.0,0.0
746,0.0,0.0
747,0.0,0.0
748,0.0,0.0
749,0.0,0.0
750,0.0,0.0
751,0.0,0.0
752,0.0,0.0
753,0.0,0.0
754,0.0,0.0
755,0.0,0.0
756,0.0,0.0
757,0.0,0.0
758,0.0,0.0
759,0.0,0.0
760,0.0,0.0
761,0.0,0.0
762,0.0,0.0
763,0.0,0.0
764,0.0,0.0
765,0.0,0.0
766,0.0,0.0
767,0.0,0.0
768,85.71428571,0.0
769,402.125,0.0
770,807.1428571,0.0
771,1249.125,0.0
772,1869.428571,0.0
773,2414.5,0.0
774,3140.142857,0.0
775,3840.571429,0.0
776,4054.25,0.0
777,2748.857143,0.0
778,3281.75,0.0
779,6175.714286,0.0
780,6787.25,0.0
781,6779.142857,0.0
782,7761.75,0.0
783,5356.285714,0.0
784,4681.25,0.0
785,6502.142857,0.0
786,6525.5,0.0
787,5361.714286,0.0
788,4732.875,0.0
789,5935.714286,0.0
790,7398.375,0.0
791,8594.857143,0.0
792,12337.625,0.0
793,8449.714286,0.0
794,10370.71429,0.0
795,10611.375,0.0
796,9142.857143,0.0
797,6828.0,0.0
798,10753.0,0.0
799,9229.75,0.0
800,6644.857143,0.0
801,8196.875,0.0
802,5402.142857,0.0
803,985.0,0.0
804,2012.571429,0.0
805,3266.625,0.0
806,4362.857143,0.0
807,3460.25,0.0
808,3870.285714,0.0
809,4950.625,0.0
810,3097.142857,0.0
811,2530.5,0.0
812,2249.857143,0.0
813,2326.857143,0.0
814,1399.4,0.0
815,1090.714286,0.0
816,510.4285714,0.0
817,98.625,0.0
818,0.0,0.0
819,0.0,0.0
820,0.0,0.0
821,0.0,0.0
822,0.0,0.0
823,0.0,0.0
824,0.0,0.0
825,0.0,0.0
826,0.0,0.0
827,0.0,0.0
828,0.0,0.0
829,0.0,0.0
830,0.0,0.0
831,0.0,0.0
832,0.0,0.0
833,0.0,0.0
834,0.0,0.0
835,0.0,0.0
836,0.0,0.0
837,0.0,0.0
838,0.0,0.0
839,0.0,0.0
840,0.0,0.0
841,0.0,0.0
842,0.0,0.0
843,0.0,0.0
844,0.0,0.0
845,0.0,0.0
846,0.0,0.0
847,0.0,0.0
848,0.0,0.0
849,0.0,0.0
850,0.0,0.0
851,0.0,0.0
852,0.0,0.0
853,0.0,0.0
854,0.0,0.0
855,0.0,0.0
856,0.0,0.0
857,0.0,0.0
858,0.0,0.0
859,0.0,0.0
860,0.0,0.0
861,0.0,0.0
862,0.0,0.0
863,0.0,0.0
864,0.0,0.0
865,132.8571429,0.0
866,333.0,0.0
867,486.5714286,0.0
868,703.875,0.0
869,1105.142857,0.0
870,1358.5,0.0
871,1864.428571,0.0
872,2389.0,0.0
873,2677.428571,0.0
874,2807.375,0.0
875,3153.571429,0.0
876,3494.75,0.0
877,3864.571429,0.0
878,4115.375,0.0
879,4410.571429,0.0
880,4749.0,0.0
881,5176.428571,0.0
882,5287.857143,0.0
883,5470.625,0.0
884,6661.285714,0.0
885,7185.875,0.0
886,6695.857143,0.0
887,7646.25,0.0
888,8626.571429,0.0
889,8385.375,0.0
890,7287.571429,0.0
891,5609.5,0.0
892,6084.857143,0.0
893,6719.5,0.0
894,4446.714286,0.0
895,5750.625,0.0
896,6276.428571,0.0
897,8970.875,0.0
898,10341.57143,0.0
899,5250.625,0.0
900,6546.714286,0.0
901,5757.428571,0.0
902,6545.25,0.0
903,5868.428571,0.0
904,4278.75,0.0
905,4133.285714,0.0
906,3361.5,0.0
907,2928.857143,0.0
908,2206.375,0.0
909,1740.428571,0.0
910,1314.5,0.0
911,909.4285714,0.0
912,575.25,0.0
913,269.5714286,0.0
914,43.75,0.0
915,0.0,0.0
916,0.0,0.0
917,0.0,0.0
918,0.0,0.0
919,0.0,0.0
920,0.0,0.0
921,0.0,0.0
922,0.0,0.0
923,0.0,0.0
924,0.0,0.0
925,0.0,0.0
926,0.0,0.0
927,0.0,0.0
928,0.0,0.0
929,0.0,0.0
930,0.0,0.0
931,0.0,0.0
932,0.0,0.0
933,0.0,0.0
934,0.0,0.0
935,0.0,0.0
936,0.0,0.0
937,0.0,0.0
938,0.0,0.0
939,0.0,0.0
940,0.0,0.0
941,0.0,0.0
942,0.0,0.0
943,0.0,0.0
944,0.0,0.0
945,0.0,0.0
946,0.0,0.0
947,0.0,0.0
948,0.0,0.0
949,0.0,0.0
950,0.0,0.0
951,0.0,0.0
952,0.0,0.0
953,0.0,0.0
954,0.0,0.0
955,0.0,0.0
956,0.0,0.0
957,0.0,0.0
958,0.0,0.0
959,0.0,0.0
960,0.0,0.0
961,147.5,0.0
962,333.5714286,0.0
963,641.375,0.0
964,854.7142857,0.0
965,977.875,0.0
966,869.7142857,0.0
967,1216.5,0.0
968,1619.857143,0.0
969,2598.0,0.0
970,2975.571429,0.0
971,3784.625,0.0
972,4600.571429,0.0
973,5554.857143,0.0
974,4893.0,0.0
975,5949.285714,0.0
976,5399.0,0.0
977,7357.285714,0.0
978,7455.75,0.0
979,6225.285714,0.0
980,5703.375,0.0
981,8018.428571,0.0
982,9046.875,0.0
983,8490.571429,0.0
984,9269.5,0.0
985,6723.428571,0.0
986,6515.5,0.0
987,7133.285714,0.0
988,7366.125,0.0
989,7347.285714,0.0
990,7661.285714,0.0
991,8730.375,0.0
992,8093.428571,0.0
993,6886.875,0.0
994,5996.285714,0.0
995,5513.25,0.0
996,5255.714286,0.0
997,4544.5,0.0
998,5439.0,0.0
999,4260.75,0.0
1000,2672.714286,0.0
1001,2525.0,0.0
1002,2536.142857,0.0
1003,2388.25,0.0
1004,1763.428571,0.0
1005,1655.875,0.0
1006,2010.285714,0.0
1007,1417.0,0.0
1008,754.2857143,0.0
1009,353.0,0.0
1010,73.375,0.0
1011,0.0,0.0
1012,0.0,0.0
1013,0.0,0.0
1014,0.0,0.0
1015,0.0,0.0
1016,0.0,0.0
1017,0.0,0.0
1018,0.0,0.0
1019,0.0,0.0
1020,0.0,0.0
1021,0.0,0.0
1022,0.0,0.0
1023,0.0,0.0
1024,0.0,0.0
1025,0.0,0.0
1026,0.0,0.0
1027,0.0,0.0
1028,0.0,0.0
1029,0.0,0.0
1030,0.0,0.0
1031,0.0,0.0
1032,0.0,0.0
1033,0.0,0.0
1034,0.0,0.0
1035,0.0,0.0
1036,0.0,0.0
1037,0.0,0.0
1038,0.0,0.0
1039,0.0,0.0
1040,0.0,0.0
1041,0.0,0.0
1042,0.0,0.0
1043,0.0,0.0
1044,0.0,0.0
1045,0.0,0.0
1046,0.0,0.0
1047,0.0,0.0
1048,0.0,0.0
1049,0.0,0.0
1050,0.0,0.0
1051,0.0,0.0
1052,0.0,0.0
1053,0.0,0.0
1054,0.0,0.0
1055,0.0,0.0
1056,90.25,0.0
1057,334.8571429,0.0
1058,558.5,0.0
1059,1017.285714,0.0
1060,1691.125,0.0
1061,2468.857143,0.0
1062,3152.0,0.0
1063,4017.142857,0.0
1064,4843.428571,0.0
1065,5821.5,0.0
1066,6447.142857,0.0
1067,7111.75,0.0
1068,8345.857143,0.0
1069,8524.125,0.0
1070,7710.0,0.0
1071,7740.875,0.0
1072,10009.28571,0.0
1073,9636.0,0.0
1074,10648.85714,0.0
1075,10009.375,0.0
1076,9781.285714,0.0
1077,11911.75,0.0
1078,11025.0,0.0
1079,11507.0,0.0
1080,12633.85714,0.0
1081,10906.28571,0.0
1082,11675.75,0.0
1083,11743.28571,0.0
1084,9593.25,0.0
1085,8117.571429,0.0
1086,7332.375,0.0
1087,6849.571429,0.0
1088,10903.125,0.0
1089,10613.14286,0.0
1090,7924.125,0.0
1091,9957.857143,0.0
1092,9704.375,0.0
1093,9038.0,0.0
1094,6374.25,0.0
1095,6068.285714,0.0
1096,6403.625,0.0
1097,2711.142857,0.0
1098,3940.625,0.0
1099,1903.428571,0.0
1100,1523.142857,0.0
1101,1678.5,0.0
1102,1158.0,0.0
1103,857.0,0.0
1104,554.2857143,0.0
1105,266.875,0.0
1106,63.71428571,0.0
1107,0.0,0.0
1108,0.0,0.0
1109,0.0,0.0
1110,0.0,0.0
1111,0.0,0.0
1112,0.0,0.0
1113,0.0,0.0
1114,0.0,0.0
1115,0.0,0.0
1116,0.0,0.0
1117,0.0,0.0
1118,0.0,0.0
1119,0.0,0.0
1120,0.0,0.0
1121,0.0,1.0
1122,0.0,1.0
1123,0.0,1.0
1124,0.0,1.0
1125,0.0,1.0
1126,0.0,1.0
1127,0.0,1.0
1128,0.0,1.0
1129,0.0,1.0
1130,0.0,1.0
1131,0.0,1.0
1132,0.0,1.0
1133,0.0,1.0
1134,0.0,1.0
1135,0.0,1.0
1136,0.0,1.0
1137,0.0,1.0
1138,0.0,1.0
1139,0.0,1.0
1140,0.0,1.0
1141,0.0,1.0
1142,0.0,1.0
1143,0.0,1.0
1144,0.0,1.0
1145,0.0,1.0
1146,0.0,1.0
1147,0.0,1.0
1148,0.0,1.0
1149,0.0,1.0
1150,0.0,1.0
1151,0.0,1.0
1152,50.28571429,1.0
1153,301.875,1.0
1154,620.5714286,1.0
1155,1018.5,1.0
1156,1793.0,1.0
1157,2896.142857,1.0
1158,2988.5,1.0
1159,3859.714286,1.0
1160,3832.5,1.0
1161,3132.857143,1.0
1162,4390.375,1.0
1163,4799.142857,1.0
1164,5438.375,1.0
1165,7875.428571,1.0
1166,7610.625,1.0
1167,7736.571429,1.0
1168,7681.25,1.0
1169,7081.571429,1.0
1170,10592.875,1.0
1171,10955.57143,1.0
1172,2474.5,1.0
1173,0.0,1.0
1174,0.0,1.0
1175,0.0,1.0
1176,0.0,1.0
1177,0.0,1.0
1178,0.0,1.0
1179,0.0,1.0
1180,0.0,1.0
1181,0.0,1.0
1182,0.0,1.0
1183,0.0,1.0
1184,0.0,1.0
1185,3496.75,1.0
1186,7117.714286,1.0
1187,5929.75,1.0
1188,8279.714286,1.0
1189,9140.0,1.0
1190,6689.0,1.0
1191,5433.142857,1.0
1192,5365.625,1.0
1193,3813.428571,1.0
1194,2688.875,1.0
1195,2044.714286,1.0
1196,1626.875,1.0
1197,1545.571429,1.0
1198,960.875,1.0
1199,518.1428571,1.0
1200,359.0,1.0
1201,226.1428571,1.0
1202,50.75,1.0
1203,0.0,1.0
1204,0.0,1.0
1205,0.0,1.0
1206,0.0,1.0
1207,0.0,1.0
1208,0.0,1.0
1209,0.0,1.0
1210,0.0,1.0
1211,0.0,1.0
1212,0.0,1.0
1213,0.0,1.0
1214,0.0,1.0
1215,0.0,1.0
1216,0.0,1.0
1217,0.0,1.0
1218,0.0,1.0
1219,0.0,1.0
1220,0.0,1.0
1221,0.0,1.0
1222,0.0,1.0
1223,0.0,1.0
1224,0.0,1.0
1225,0.0,1.0
1226,0.0,1.0
1227,0.0,1.0
1228,0.0,1.0
1229,0.0,1.0
1230,0.0,1.0
1231,0.0,1.0
1232,0.0,1.0
1233,0.0,1.0
1234,0.0,1.0
1235,0.0,1.0
1236,0.0,1.0
1237,0.0,1.0
1238,0.0,1.0
1239,0.0,0.0
1240,0.0,0.0
1241,0.0,0.0
1242,0.0,0.0
1243,0.0,0.0
1244,0.0,0.0
1245,0.0,0.0
1246,0.0,0.0
1247,0.0,0.0
1248,84.28571429,0.0
1249,416.625,0.0
1250,882.2857143,0.0
1251,1357.0,0.0
1252,1956.142857,0.0
1253,1952.875,0.0
1254,1735.714286,0.0
1255,3429.375,0.0
1256,5587.714286,0.0
1257,7002.125,0.0
1258,6992.0,0.0
1259,7076.625,0.0
1260,7198.0,0.0
1261,8264.714286,0.0
1262,8303.875,0.0
1263,8530.0,0.0
1264,7770.875,0.0
1265,10508.57143,0.0
1266,9114.375,0.0
1267,9599.714286,0.0
1268,10594.625,0.0
1269,7217.857143,0.0
1270,7482.125,0.0
1271,7529.285714,0.0
1272,8262.75,0.0
1273,5341.857143,0.0
1274,5343.125,0.0
1275,5864.428571,0.0
1276,9056.75,0.0
1277,5051.714286,0.0
1278,3131.75,0.0
1279,2931.142857,0.0
1280,3896.375,0.0
1281,5622.0,0.0
1282,9517.142857,0.0
1283,6527.125,0.0
1284,5806.285714,0.0
1285,5817.5,0.0
1286,4377.142857,0.0
1287,5855.75,0.0
1288,1628.285714,0.0
1289,2257.125,0.0
1290,3240.0,0.0
1291,3649.625,0.0
1292,2552.0,0.0
1293,2082.75,0.0
1294,1324.857143,0.0
1295,1117.5,0.0
1296,486.0,0.0
1297,215.375,0.0
1298,11.14285714,0.0
1299,0.0,0.0
1300,0.0,0.0
1301,0.0,0.0
1302,0.0,0.0
1303,0.0,0.0
1304,0.0,0.0
1305,0.0,0.0
1306,0.0,0.0
1307,0.0,0.0
1308,0.0,0.0
1309,0.0,0.0
1310,0.0,0.0
1311,0.0,0.0
1312,0.0,0.0
1313,0.0,0.0
1314,0.0,0.0
1315,0.0,0.0
1316,0.0,0.0
1317,0.0,0.0
1318,0.0,0.0
1319,0.0,0.0
1320,0.0,0.0
1321,0.0,0.0
1322,0.0,0.0
1323,0.0,0.0
1324,0.0,0.0
1325,0.0,0.0
1326,0.0,0.0
1327,0.0,0.0
1328,0.0,0.0
1329,0.0,0.0
1330,0.0,0.0
1331,0.0,0.0
1332,0.0,0.0
1333,0.0,0.0
1334,0.0,0.0
1335,0.0,0.0
1336,0.0,0.0
1337,0.0,0.0
1338,0.0,0.0
1339,0.0,0.0
1340,0.0,0.0
1341,0.0,0.0
1342,0.0,0.0
1343,0.0,0.0
1344,0.0,0.0
1345,175.8571429,0.0
1346,632.375,0.0
1347,925.2857143,0.0
1348,1344.0,0.0
1349,2184.428571,0.0
1350,2599.875,0.0
1351,3280.142857,0.0
1352,4542.875,0.0
1353,4226.857143,0.0
1354,5395.375,0.0
1355,5486.142857,0.0
1356,5381.625,0.0
1357,5994.571429,0.0
1358,6609.428571,0.0
1359,8085.75,0.0
1360,10058.42857,0.0
1361,9886.5,0.0
1362,7981.0,0.0
1363,8727.125,0.0
1364,10482.71429,0.0
1365,8073.0,0.0
1366,5547.142857,0.0
1367,7176.5,0.0
1368,3107.0,0.0
1369,5410.125,0.0
1370,6524.428571,0.0
1371,7463.375,0.0
1372,4278.857143,0.0
1373,6785.25,0.0
1374,7705.0,0.0
1375,5474.625,0.0
1376,6373.428571,0.0
1377,3968.714286,0.0
1378,8555.625,0.0
1379,6194.857143,0.0
1380,3677.25,0.0
1381,4187.571429,0.0
1382,5874.125,0.0
1383,4501.142857,0.0
1384,4520.875,0.0
1385,3229.857143,0.0
1386,2374.0,0.0
1387,2023.142857,0.0
1388,1764.0,0.0
1389,1601.142857,0.0
1390,1331.375,0.0
1391,949.8571429,0.0
1392,650.7142857,0.0
1393,329.5,0.0
1394,73.71428571,0.0
1395,0.0,0.0
1396,0.0,0.0
1397,0.0,0.0
1398,0.0,0.0
1399,0.0,0.0
1400,0.0,0.0
1401,0.0,0.0
1402,0.0,0.0
1403,0.0,0.0
1404,0.0,0.0
1405,0.0,0.0
1406,0.0,0.0
1407,0.0,0.0
1408,0.0,0.0
1409,0.0,0.0
1410,0.0,0.0
1411,0.0,0.0
1412,0.0,0.0
1413,0.0,0.0
1414,0.0,0.0
1415,0.0,0.0
1416,0.0,0.0
1417,0.0,0.0
1418,0.0,0.0
1419,0.0,0.0
1420,0.0,0.0
1421,0.0,0.0
1422,0.0,0.0
1423,0.0,0.0
1424,0.0,0.0
1425,0.0,0.0
1426,0.0,0.0
1427,0.0,0.0
1428,0.0,0.0
1429,0.0,0.0
1430,0.0,0.0
1431,0.0,0.0
1432,0.0,0.0
1433,0.0,0.0
1434,0.0,0.0
1435,0.0,0.0
1436,0.0,0.0
1437,0.0,0.0
1438,0.0,0.0
1439,0.0,0.0
1440,0.0,0.0
1441,0.0,0.0
1442,1264.25,0.0
1443,1866.857143,0.0
1444,3023.25,0.0
1445,3571.428571,0.0
1446,3205.142857,0.0
1447,3538.375,0.0
1448,3803.857143,0.0
1449,3615.875,0.0
1450,4712.285714,0.0
1451,4988.375,0.0
1452,6234.428571,0.0
1453,5247.875,0.0
1454,5737.142857,0.0
1455,6215.0,0.0
1456,6644.0,0.0
1457,6224.375,0.0
1458,6204.142857,0.0
1459,7388.875,0.0
1460,6996.428571,0.0
1461,10484.0,0.0
1462,9876.285714,0.0
1463,12297.875,0.0
1464,8931.857143,0.0
1465,9651.428571,0.0
1466,6433.625,0.0
1467,8522.428571,0.0
1468,9090.625,0.0
1469,6623.714286,0.0
1470,5524.875,0.0
1471,5696.857143,0.0
1472,8040.875,0.0
1473,7233.142857,0.0
1474,4517.375,0.0
1475,1412.428571,0.0
1476,880.625,0.0
1477,1302.285714,0.0
1478,2928.0,0.0
1479,3411.285714,0.0
1480,1740.625,0.0
1481,1044.285714,0.0
1482,1214.5,0.0
1483,1452.571429,0.0
1484,1248.6,0.0
1485,871.0,0.0
1486,559.8571429,0.0
1487,311.125,0.0
1488,70.28571429,0.0
1489,0.0,0.0
1490,0.0,0.0
1491,0.0,0.0
1492,0.0,0.0
1493,0.0,0.0
1494,0.0,0.0
1495,0.0,0.0
1496,0.0,0.0
1497,0.0,0.0
1498,0.0,0.0
1499,0.0,0.0
1500,0.0,0.0
1501,0.0,0.0
1502,0.0,0.0
1503,0.0,0.0
1504,0.0,0.0
1505,0.0,0.0
1506,0.0,0.0
1507,0.0,0.0
1508,0.0,0.0
1509,0.0,0.0
